symbol,name,instrument_type,price,currency,change,percent_change,volume,market_time_utc,market_state,status,source
AAPL26,Apple Inc. Senior Notes Due 2026,bond,,,,,,,,unavailable,
AAPL27,Apple Inc. Senior Notes Due 2017,bond,,,,,,,,unavailable,
AAPL29,Apple Inc. Senior Notes 2029,bond,,,,,,,,unavailable,
AAPL29A,Apple Inc. Senior Notes Due 29 1.375,bond,,,,,,,,unavailable,
AAPL31,Apple Inc. 0.500% Notes due 2031,bond,,,,,,,,unavailable,
AAPL42,Apple Inc. Senior Notes Due 2042,bond,,,,,,,,unavailable,
AMZN28,"Amazon.com, Inc. Floating Rate Notes due 2028",bond,,,,,,,,unavailable,
AMZN28A,"Amazon.com, Inc. 2.800% Notes due 2028",bond,,,,,,,,unavailable,
AMZN30,"Amazon.com, Inc. 3.100% Notes due 2030",bond,,,,,,,,unavailable,
AMZN32,"Amazon.com, Inc. 3.350% Notes due 2032",bond,,,,,,,,unavailable,
AMZN35,"Amazon.com, Inc. 3.700% Notes due 2035",bond,,,,,,,,unavailable,
AMZN39,"Amazon.com, Inc. 4.050% Notes due 2039",bond,,,,,,,,unavailable,
AMZN45,"Amazon.com, Inc. 4.450% Notes due 2045",bond,,,,,,,,unavailable,
AMZN64,"Amazon.com, Inc. 4.850% Notes due 2064",bond,,,,,,,,unavailable,
AVY34,Avery Dennison Corporation 3.750% Senior Notes due 2034,bond,,,,,,,,unavailable,
AVY35,Avery Dennison Corporation 4.000% Senior Notes due 2035,bond,,,,,,,,unavailable,
BKNG26,Booking Holdings Inc. 4.000% Senior Notes due 2026,bond,,,,,,,,unavailable,
BKNG27,Booking Holdings Inc. Senior Notes due 2027,bond,,,,,,,,unavailable,
BKNG28,Booking Holdings Inc. 0.500% Senior Notes due 2028,bond,,,,,,,,unavailable,
BKNG28A,Booking Holdings Inc. 3.625% Senior Unsecured Notes due 2028,bond,,,,,,,,unavailable,
BKNG29,Booking Holdings Inc. 4.250% Senior Notes due 2029,bond,,,,,,,,unavailable,
BKNG29A,Booking Holdings Inc. 3.500% Senior Unsecured Notes due 2029,bond,,,,,,,,unavailable,
BKNG30,Booking Holdings Inc. 3.000% Senior Unsecured Notes due 2030,bond,,,,,,,,unavailable,
BKNG30A,Booking Holdings Inc. 3.500% Senior Unsecured Notes due 2030,bond,,,,,,,,unavailable,
BKNG31,Booking Holdings Inc. 4.500% Senior Notes due 2031,bond,,,,,,,,unavailable,
BKNG31A,Booking Holdings Inc. 3.125% Senior Unsecured Notes Due 2031,bond,,,,,,,,unavailable,
BKNG32A,Booking Holdings Inc. 3.250% Senior Notes due 2032,bond,,,,,,,,unavailable,
BKNG33,Booking Holdings Inc. 4.125% Senior Unsecured Notes due 2033,bond,,,,,,,,unavailable,
BKNG34,Booking Holdings Inc. 4.750% Senior Notes due 2034,bond,,,,,,,,unavailable,
BKNG34A,Booking Holdings Inc. 4.000% Senior Unsecured Notes due 2034,bond,,,,,,,,unavailable,
BKNG35,Booking Holdings Inc. 3.625% Senior Unsecured Notes due 2035,bond,,,,,,,,unavailable,
BKNG36,Booking Holdings Inc. 3.750% Senior Unsecured Notes due 2036,bond,,,,,,,,unavailable,
BKNG37,Booking Holdings Inc. 3.750% Senior Notes due 2037,bond,,,,,,,,unavailable,
BKNG38,Booking Holdings Inc. 4.125% Senior Unsecured Notes due 2038,bond,,,,,,,,unavailable,
BKNG39,Booking Holdings Inc. 4.500% Senior Unsecured Notes due 2039,bond,,,,,,,,unavailable,
BKNG44,Booking Holdings Inc. 4.000% Senior Unsecured Notes due 2044,bond,,,,,,,,unavailable,
BKNG45,Booking Holdings Inc. 3.875% Senior Notes due 2045,bond,,,,,,,,unavailable,
BKNG46,Booking Holdings Inc. 4.500% Senior Unsecured Notes due 2046,bond,,,,,,,,unavailable,
BKR30,Baker Hughes Company 3.226% Senior Notes due 2030,bond,,,,,,,,unavailable,
BKR34,Baker Hughes Company 3.812% Senior Notes due 2034,bond,,,,,,,,unavailable,
BKR38,Baker Hughes Company 4.193% Senior Notes due 2038,bond,,,,,,,,unavailable,
BKR40,"Baker Hughes Company Baker Hughes Holdings LLC $1,145,657,000 5.125% Senior Notes Due 2040",bond,,,,,,,,unavailable,
BKR46,Baker Hughes Company 4.737% Senior Notes due 2046,bond,,,,,,,,unavailable,
BNKG32,Booking Holdings Inc. 3.625% Senior Unsecured Notes due 2032,bond,,,,,,,,unavailable,
CMCS26,Comcast Corporation 0.000% Notes due 2026,bond,,,,,,,,unavailable,
CMCS27,Comcast Corporation Euro Notes due 2027,bond,,,,,,,,unavailable,
CMCS29,Comcast Corporation 1.5 Sterling Notes due 2029,bond,,,,,,,,unavailable,
CMCS29A,Comcast Corporation 0.250% Notes due 2029,bond,,,,,,,,unavailable,
CMCS32,Comcast Corporation 0.75 Euro Notes due 2032,bond,,,,,,,,unavailable,
CMCS32A,Comcast Corporation 3.250% Euro Notes due 2032,bond,,,,,,,,unavailable,
CMCS36,Comcast Corporation 1.875 Sterling Notes due 2036,bond,,,,,,,,unavailable,
CMCS36A,Comcast Corporation 3.550% Euro Notes due 2036,bond,,,,,,,,unavailable,
CMCS40,Comcast Corporation 1.25 Euro Notes due 2040,bond,,,,,,,,unavailable,
CMCS40A,Comcast Corporation 5.250% Sterling Notes due 2040,bond,,,,,,,,unavailable,
EQIX27,"Equinix, Inc. 0.250% Senior Notes due 2027",bond,,,,,,,,unavailable,
EQIX29,"Equinix, Inc. 3.250% Senior Notes due 2029",bond,,,,,,,,unavailable,
EQIX31,"Equinix, Inc. 3.250% Senior Notes due 2031",bond,,,,,,,,unavailable,
EQIX33,"Equinix, Inc. 1.000% Senior Notes due 2033",bond,,,,,,,,unavailable,
EQIX33A,"Equinix, Inc. 3.650% Senior Notes due 2033",bond,,,,,,,,unavailable,
EQIX34,"Equinix, Inc. 3.625% Senior Notes due 2034",bond,,,,,,,,unavailable,
EQIX34A,"Equinix, Inc. 4.000% Senior Notes due 2034",bond,,,,,,,,unavailable,
FISV27,"Fiserv, Inc. 1.125% Senior Notes due 2027",bond,,,,,,,,unavailable,
FISV28C,"Fiserv, Inc. 2.875% Senior Notes due 06/15/2028",bond,,,,,,,,unavailable,
FISV30,"Fiserv, Inc. 1.625% Senior Notes due 2030",bond,,,,,,,,unavailable,
FISV30A,"Fiserv, Inc. 3.750% Senior Notes Due 2030",bond,,,,,,,,unavailable,
FISV31,"Fiserv, Inc. 3.000% Senior Notes due 2031",bond,,,,,,,,unavailable,
FISV31A,"Fiserv, Inc. 4.500% Senior Notes due 2031",bond,,,,,,,,unavailable,
FISV32,"Fiserv, Inc. 3.500% Senior Notes due 06/15/2032",bond,,,,,,,,unavailable,
FISV34,"Fiserv, Inc. 4.250% Senior Notes Due 2034",bond,,,,,,,,unavailable,
FISV36,"Fiserv, Inc. 4.000% Senior Notes due 06/15/2036",bond,,,,,,,,unavailable,
GOOG26,Alphabet Inc. 6.125% Notes due 2126,bond,,,,,,,,unavailable,
GOOG28,Alphabet Inc. 2.375% Notes due 2028,bond,,,,,,,,unavailable,
GOOG29,Alphabet Inc. 2.500% Notes due 2029,bond,,,,,,,,unavailable,
GOOG29A,Alphabet Inc. 4.125% Notes due 2029,bond,,,,,,,,unavailable,
GOOG30,Alphabet Inc. 3.200% Notes due 2030,bond,,,,,,,,unavailable,
GOOG31,Alphabet Inc. 2.875% Notes due 2031 (the 2031 Notes),bond,,,,,,,,unavailable,
GOOG32,Alphabet Inc. 4.625% Notes due 2032,bond,,,,,,,,unavailable,
GOOG32A,Alphabet Inc. 3.450% Notes due 2032,bond,,,,,,,,unavailable,
GOOG33,Alphabet Inc. 3.000% Notes due 2033,bond,,,,,,,,unavailable,
GOOG34,Alphabet Inc. 3.125% Notes due 2034 (the 2034 Notes),bond,,,,,,,,unavailable,
GOOG34A,Alphabet Inc. 3.625% Notes due 2034,bond,,,,,,,,unavailable,
GOOG37,Alphabet Inc. 3.375% Notes due 2037,bond,,,,,,,,unavailable,
GOOG38,Alphabet Inc. 3.500% Notes due 2038 (the 2038 Notes),bond,,,,,,,,unavailable,
GOOG39,Alphabet Inc. 4.100% Notes due 2039,bond,,,,,,,,unavailable,
GOOG41,Alphabet Inc. 5.500% Notes due 2041,bond,,,,,,,,unavailable,
GOOG44,Alphabet Inc. 4.000% Notes due 2044 (the 2044 Notes),bond,,,,,,,,unavailable,
GOOG45,Alphabet Inc. 3.875% Notes due 2045,bond,,,,,,,,unavailable,
GOOG45A,Alphabet Inc. 4.500% Notes due 2045,bond,,,,,,,,unavailable,
GOOG54,Alphabet Inc. 4.000% Notes due 2054,bond,,,,,,,,unavailable,
GOOG58,Alphabet Inc. 5.875% Notes due 2058,bond,,,,,,,,unavailable,
GOOG63,Alphabet Inc. 4.800% Notes due 2063,bond,,,,,,,,unavailable,
GOOG64,Alphabet Inc. 4.375% Notes due 2064,bond,,,,,,,,unavailable,
HON30,Honeywell International Inc. 3.375% Senior Notes due 2030,bond,,,,,,,,unavailable,
HON32,Honeywell International Inc. 0.750% Senior Notes due 2032,bond,,,,,,,,unavailable,
HON32A,Honeywell International Inc. 3.750% Senior Notes due 2032,bond,,,,,,,,unavailable,
HON34,Honeywell International Inc. 4.125% Senior Notes due 2034,bond,,,,,,,,unavailable,
HON36,Honeywell International Inc. 3.750% Senior Notes due 2036,bond,,,,,,,,unavailable,
KHC29,"The Kraft Heinz Company Kraft Heinz Foods Company 550,000,000 3.500% senior notes due 2029",bond,,,,,,,,unavailable,
KHC31,The Kraft Heinz Company 3.500% Senior Notes due 2031,bond,,,,,,,,unavailable,
KHC33,The Kraft Heinz Company 3.250% Senior Notes Due 2033,bond,,,,,,,,unavailable,
KHC34,The Kraft Heinz Company 3.950% Senior Notes due 2034,bond,,,,,,,,unavailable,
LINE31,"Lineage, Inc. 4.125% Senior Notes due 2031",bond,,,,,,,,unavailable,
LKQ31,LKQ Corporation 4.125% Notes due 2031,bond,,,,,,,,unavailable,
MDLZ27,"Mondelez International, Inc. 1.625% Notes due 2027",bond,,,,,,,,unavailable,
MDLZ28,"Mondelez International, Inc. 0.250% Notes due 2028",bond,,,,,,,,unavailable,
MDLZ33,"Mondelez International, Inc. 0.750% Notes due 2033",bond,,,,,,,,unavailable,
MDLZ35,"Mondelez International, Inc. 2.375% Notes due 2035",bond,,,,,,,,unavailable,
MDLZ35A,"Mondelez International, Inc. 4.500% Notes due 2035",bond,,,,,,,,unavailable,
MDLZ41,"Mondelez International, Inc. 1.375% Notes due 2041",bond,,,,,,,,unavailable,
MDLZ45,"Mondelez International, Inc. 3.875% Notes due 2045",bond,,,,,,,,unavailable,
MELI31,"MercadoLibre, Inc. 3.125% Notes due 2031",bond,,,,,,,,unavailable,
MELI33,"MercadoLibre, Inc. 4.900% Notes due 2033",bond,,,,,,,,unavailable,
MSFT28,Microsoft Corporation 3.125% Notes due 2028,bond,,,,,,,,unavailable,
MSFT33,Microsoft Corporation 2.625% Notes due 2033,bond,,,,,,,,unavailable,
NDAQ29,"Nasdaq, Inc. 1.75% Senior Notes Due 2029",bond,,,,,,,,unavailable,
NDAQ30,"Nasdaq, Inc. 0.875% Notes due 2030",bond,,,,,,,,unavailable,
NDAQ32,"Nasdaq, Inc. 4.500% Senior Notes due 2032",bond,,,,,,,,unavailable,
NDAQ33,"Nasdaq, Inc. 0.900% Senior Notes due 2033",bond,,,,,,,,unavailable,
PCAR34,"PACCAR Financial Corp. Medium-Term Notes, Series Q - Fixed Rate due 2034",bond,,,,,,,,unavailable,
PEP27,"PepsiCo, Inc. Senior Notes 2027",bond,,,,,,,,unavailable,
PEP28,"PepsiCo, Inc. Senior Notes Due 2028",bond,,,,,,,,unavailable,
PEP28A,"PepsiCo, Inc. 0.500% Senior Notes due 2028",bond,,,,,,,,unavailable,
PEP28B,"PepsiCo, Inc. Floating Rate Notes due 2028",bond,,,,,,,,unavailable,
PEP29,"PepsiCo, Inc. 3.200% Senior Notes due 2029",bond,,,,,,,,unavailable,
PEP31,"PepsiCo, Inc. Senior Notes 2031",bond,,,,,,,,unavailable,
PEP32,"PepsiCo, Inc. 0.400% Senior Notes due 2032",bond,,,,,,,,unavailable,
PEP33,"PepsiCo, Inc. 0.750% Senior Notes due 2033",bond,,,,,,,,unavailable,
PEP34,"PepsiCo, Inc. 3.550% Senior Notes due 2034",bond,,,,,,,,unavailable,
PEP34A,"PepsiCo, Inc. 3.300% Senior Notes due 2034",bond,,,,,,,,unavailable,
PEP37,"PepsiCo, Inc. 3.450% Senior Notes due 2037",bond,,,,,,,,unavailable,
PEP38,"PepsiCo, Inc. 3.700% Senior Notes due 2038",bond,,,,,,,,unavailable,
PEP39,"PepsiCo, Inc. Senior Notes due 2039",bond,,,,,,,,unavailable,
PEP47,"PepsiCo, Inc. 4.150% Senior Notes due 2047",bond,,,,,,,,unavailable,
PEP50,"PepsiCo, Inc. 1.050% Senior Notes due 2050",bond,,,,,,,,unavailable,
PEP55,"PepsiCo, Inc. 4.050% Senior Notes due 2055",bond,,,,,,,,unavailable,
TMUS29,"T-Mobile US, Inc. 3.550% Senior Notes due 2029",bond,,,,,,,,unavailable,
TMUS32,"T-Mobile US, Inc. 3.700% Senior Notes due 2032",bond,,,,,,,,unavailable,
TMUS32A,"T-Mobile US, Inc. 3.150% Senior Notes due 2032",bond,,,,,,,,unavailable,
TMUS32B,"T-Mobile US, Inc. 3.200% Senior Notes due 2032",bond,,,,,,,,unavailable,
TMUS35,"T-Mobile US, Inc. 3.625% Senior Notes due 2035",bond,,,,,,,,unavailable,
TMUS36,"T-Mobile US, Inc. 3.850% Senior Notes due 2036",bond,,,,,,,,unavailable,
TMUS37,"T-Mobile US, Inc. 3.50% Senior Notes due 2037",bond,,,,,,,,unavailable,
TMUS38,"T-Mobile US, Inc. 3.900% Senior Notes due 2038",bond,,,,,,,,unavailable,
TMUS45,"T-Mobile US, Inc. 3.800% Senior Notes due 2045",bond,,,,,,,,unavailable,
TRI35,Thomson Reuters Corp 5.500% Debentures Due 2035,bond,,,,,,,,unavailable,
TRI40,Thomson Reuters Corp 5.850% Notes Due 2040,bond,,,,,,,,unavailable,
TRI43A,Thomson Reuters Corp 4.500% Notes Due 2043,bond,,,,,,,,unavailable,
TRI43B,Thomson Reuters Corp 5.650% Notes Due 2043,bond,,,,,,,,unavailable,
VOD31,Vodafone Group Plc 4.800% Notes due 2031,bond,,,,,,,,unavailable,
VOD32,Vodafone Group Plc 6.250% Notes due November 2032,bond,,,,,,,,unavailable,
VOD36,Vodafone Group Plc 5.350% Notes due 2036,bond,,,,,,,,unavailable,
VOD37,Vodafone Group Plc 6.150% Notes due February 2037,bond,,,,,,,,unavailable,
VOD38,Vodafone Group Plc 5.000% Notes due May 2038,bond,,,,,,,,unavailable,
VOD43,Vodafone Group Plc 4.375% Notes due February 2043,bond,,,,,,,,unavailable,
VOD48,Vodafone Group Plc 5.25% Notes due May 2048,bond,,,,,,,,unavailable,
VOD49,Vodafone Group Plc 4.875% Notes due June 2049,bond,,,,,,,,unavailable,
VOD50,Vodafone Group Plc 4.25% Notes due September 2050,bond,,,,,,,,unavailable,
VOD53,Vodafone Group Plc 5.625% Notes due 2/10/2053,bond,,,,,,,,unavailable,
VOD54,"Vodafone Group Plc U.S.$2,000,000,000 5.750% Notes due 2054",bond,,,,,,,,unavailable,
VOD56,Vodafone Group Plc 6.100% Notes due 2056,bond,,,,,,,,unavailable,
VOD59,Vodafone Group Plc 5.125%Notes due June 2059,bond,,,,,,,,unavailable,
VOD63,Vodafone Group Plc 5.750% Notes due 2/10/2063,bond,,,,,,,,unavailable,
VOD64,Vodafone Group Plc 5.875% Notes due 2064,bond,,,,,,,,unavailable,
VOD79,Vodafone Group Plc Capital Securities due April 2079,bond,,,,,,,,unavailable,
VOD81A,"Vodafone Group Plc U.S.$500,000,000 NC5.25 Capital Securities Due 2081",bond,,,,,,,,unavailable,
VOD81B,"Vodafone Group Plc U.S.$1,000,000,000 NC10 Capital Securities Due 2081",bond,,,,,,,,unavailable,
VOD81C,"Vodafone Group Plc U.S.$950,000,000 NC30 Capital Securities Due 2081",bond,,,,,,,,unavailable,
WBDI30,"Warner Bros. Discovery, Inc. 4.302% Senior Notes due 2030",bond,,,,,,,,unavailable,
WBDI30A,"Warner Bros. Discovery, Inc. 4.302% Senior Notes due 2030",bond,,,,,,,,unavailable,
WBDI33,"Warner Bros. Discovery, Inc. 4.693% Senior Notes due 2033",bond,,,,,,,,unavailable,
WBDI33A,"Warner Bros. Discovery, Inc. 4.693% Senior Notes due 2033",bond,,,,,,,,unavailable,
WMT26A,Walmart Inc. 1.050% Notes due 2026,bond,,,,,,,,unavailable,
WMT28C,Walmart Inc. 1.500% Notes due 2028,bond,,,,,,,,unavailable,
WMT29B,Walmart Inc. 4.875% Notes due 2029,bond,,,,,,,,unavailable,
WMT30B,Walmart Inc. 5.750% Notes due 2030,bond,,,,,,,,unavailable,
WMT31A,Walmart Inc. 1.800% Notes due 2031,bond,,,,,,,,unavailable,
WMT34,Walmart Inc. 5.625% Notes due 2034,bond,,,,,,,,unavailable,
WMT35A,Walmart Inc. 5.250% Notes due 2035,bond,,,,,,,,unavailable,
WMT39,Walmart Inc. 4.875% Notes due 2039,bond,,,,,,,,unavailable,
